driverId,familyName,CompleteName,Image
alguersuari,Alguersuari,Jaime Alguersuari,https://www.espectalium.com/wp-content/uploads/2020/02/Jaime-Alguersuari-1.jpg
alonso,Alonso,Fernando Alonso,https://media.formula1.com/content/dam/fom-website/drivers/2023Drivers/alonso.jpg.img.1536.high.jpg
barrichello,Barrichello,Rubens Barrichello,https://upload.wikimedia.org/wikipedia/commons/thumb/2/28/Rubens_Barrichello_2010_Malaysia.jpg/640px-Rubens_Barrichello_2010_Malaysia.jpg
buemi,Buemi,Sébastien Buemi,"https://img.redbull.com/images/c_crop,x_379,y_0,h_2195,w_1317/c_fill,w_400,h_660/q_auto:low,f_auto/redbullcom/2020/3/3/nuxkhfmek0gdfuag0yiu/sebastien-buemi"
button,Button,Jenson Button,https://hips.hearstapps.com/es.h-cdn.co/cades/gran_premio/pilotos/3520/22.jpg
chandhok,Chandhok,Karun Chandhok,https://upload.wikimedia.org/wikipedia/commons/3/32/Karun_Chandhok_Goodwood_Festival_of_Speed_2019_%2848242680701%29.jpg
rosa,de la Rosa,Pedro de la Rosa,https://www.f1-fansite.com/wp-content/uploads/2012/06/Pedro-de-la-Rosa.jpg
grassi,di Grassi,Lucas di Grassi,https://static-files.formula-e.pulselive.com/drivers/bc4a0209-f233-46c8-afce-842d1c48358f/right/large/4a390151-89af-4931-9907-bcbaabb5a152.png
glock,Glock,Timo Glock,https://cdn-4.motorsport.com/images/mgl/2erVbR9Y/s8/dtm-start-field-presentation-2016-timo-glock-bmw-team-rmg-bmw-m4-dtm.jpg
hamilton,Hamilton,Lewis Hamilton,https://media.formula1.com/content/dam/fom-website/drivers/2023Drivers/hamilton.jpg.img.1536.high.jpg
heidfeld,Heidfeld,Nick Heidfeld,https://storage.googleapis.com/ecm-prod/assets/1/pilote/17/Nick_Heidfeld_2_0f5b50.png
hulkenberg,HÃ¼lkenberg,Nico Hüllkenberg,https://cdn-7.motorsport.com/images/mgl/6D1QwKx0/s800/nico-hulkenberg-haas-1.jpg
klien,Klien,Christian Klien,https://cdn-3.motorsport.com/static/img/mgl/200000/210000/219000/219600/219644/s300/f1-red-bull-racing-rb1-launch-2005-christian-klien.jpg
kobayashi,Kobayashi,Kamui Kobayashi,https://storage.googleapis.com/ecm-prod/assets/1/pilote/4134/toyota-gazoo-racing-kamui-kobayashi-jpn-0018_5640d3.png
kovalainen,Kovalainen,Heikki Kovalainen,https://www.f1-fansite.com/wp-content/uploads/2012/06/Heikki-Kovalainen-2012.jpg
kubica,Kubica,Robert Kubica,https://storage.googleapis.com/ecm-prod/assets/1/pilote/4187/teamwr-3_e7a321.png
liuzzi,Liuzzi,Vitantonio Liuzzi,https://www.f1-fansite.com/wp-content/uploads/2012/11/Vitantonio-20Liuzzi.jpg
massa,Massa,Felipe Massa,"https://hips.hearstapps.com/es.h-cdn.co/cades/gran_premio/pilotos/3516/sut_australian_gra_1463788.jpg?crop=0.5269130998702983xw:1xh;center,top&resize=1200:*"
petrov,Petrov,Vitaly Petrov,https://storage.googleapis.com/ecm-prod/assets/1/pilote/1136/vitaly-petrov_e9c427.png
rosberg,Rosberg,Nico Rosberg,https://hips.hearstapps.com/es.h-cdn.co/cades/gran_premio/pilotos/3527/mercedes2016-rosberg.jpg
michael_schumacher,Schumacher,Michael Schumacher,https://www.tuformula.com.mx/wp-content/uploads/2021/08/SCHUMACHER.png
bruno_senna,Senna,Bruno Senna,https://www.f1-fansite.com/wp-content/uploads/2012/06/Bruno-Senna-2012.jpg
sutil,Sutil,Adrian Sutil,https://cdnb.20m.es/sites/30/2018/01/jjjGerman-Formula-One-dr-26804286.jpg
trulli,Trulli,Jarno Trulli,https://i.pinimg.com/originals/80/f7/29/80f729716619a5a59d0915f038f0364d.jpg
vettel,Vettel,Sebastian Vettel,"https://hips.hearstapps.com/hmg-prod.s3.amazonaws.com/images/dsc-2917-edit-1-1645185757.jpg?crop=1xw:0.5xh;center,top&resize=1200:*"
webber,Webber,Mark Webber,https://i2-prod.mirror.co.uk/incoming/article3341015.ece/ALTERNATES/s1200b/Mark-Webber.jpg
yamamoto,Yamamoto,Sakon Yamamoto,https://c8.alamy.com/compes/daj8cg/el-piloto-de-pruebas-de-formula-uno-japones-sakon-yamamoto-de-virgin-racing-sonrie-durante-la-sesion-de-fotos-en-el-paddock-del-circuito-urbano-de-albert-park-en-melbourne-australia-24-de-marzo-de-2011-2011-el-gran-premio-de-australia-de-formula-1-tendra-lugar-el-27-de-marzo-de-2011-fotografia-jens-buettner-daj8cg.jpg
ambrosio,d'Ambrosio,Jérôme d'Ambrosio,https://pbs.twimg.com/media/EGD5LdyWwAw7l2R.jpg
resta,di Resta,Paul di Resta,https://storage.googleapis.com/ecm-prod/assets/1/pilote/4126/peugeot-totalenergies-paul-di-resta-gbr-0036_d32973.png
karthikeyan,Karthikeyan,Narain Karthikeyan,https://cdn-8.motorsport.com/images/mgl/2ep5G8l0/s8/super-formula-%E7%AC%AC1%E6%88%A6%E9%88%B4%E9%B9%BF-2017-narain-karthikeyan-tcs-nakajima-racing.jpg
maldonado,Maldonado,Pastor Maldonado,https://hips.hearstapps.com/es.h-cdn.co/cades/gran_premio/pilotos/3553/pastor_maldonado.png
perez,Pérez,Sergio Pérez,https://media.formula1.com/content/dam/fom-website/drivers/2023Drivers/perez.jpg.img.1536.high.jpg
ricciardo,Ricciardo,Daniel Ricciardo,https://cdn-7.motorsport.com/images/mgl/Y9oBpLx0/s800/f1-australian-gp-2017-daniel-ricciardo-red-bull-racing.jpg
grosjean,Grosjean,Romain Grosjean,https://cdn-6.motorsport.com/images/mgl/0mb8xQ42/s8/romain-grosjean-andretti-autos-1.jpg
pic,Pic,Charles Pic,https://hips.hearstapps.com/hmg-prod.s3.amazonaws.com/images/ferrari-sf-23-02-1676374655.jpg
raikkonen,Räikkönen,Kimi Räikkönen,"https://hips.hearstapps.com/hmg-prod.s3.amazonaws.com/images/arro-2021-rai-racesuit-fullbody-helmet-0343-1613996103.jpg?crop=1.00xw:0.375xh;0,0.0597xh&resize=980:*"
vergne,Vergne,Jean-Éric Vergne,https://cdn.crash.net/styles/article/s3/hires/1277953.jpg?itok=30XSc4_F
jules_bianchi,Bianchi,Jules Bianchi,https://img.europapress.es/fotoweb/fotonoticia_20150718050730_420.jpg
bottas,Bottas,Valtteri Bottas,"https://hips.hearstapps.com/hmg-prod.s3.amazonaws.com/images/lm-stake-bot-rs-fullbody-frontal-4383n-1675874105.jpg?crop=1xw:0.5xh;center,top&resize=1200:*"
chilton,Chilton,Max Chilton,https://a.espncdn.com/combiner/i?img=/i/headshots/rpm/players/full/4569.png&w=350&h=254
gutierrez,Gutiérrez,Esteban Gutiérrez,https://static.motor.es/f1/fichas/contenido/esteban-gutierrez.jpg
garde,van der Garde,Giedo van der Garde,https://storage.googleapis.com/ecm-prod/assets/1/pilote/2881/racing-team-nederland-giedo-van-der-garde-nld-006_2f8d84.png
ericsson,Ericsson,Marcus Ericsson,https://cdn-7.motorsport.com/images/mgl/Y99dVrbY/s800/marcus-ericsson-chip-ganassi-r-1.jpg
kvyat,Kvyat,Daniil Kvyat,https://cdn-4.motorsport.com/images/mgl/2GzoBVV0/s800/daniil-kvyat-alpine-f1-team-re-1.jpg
lotterer,Lotterer,André Lotterer,https://static-files.formula-e.pulselive.com/drivers/bc4a0209-f233-46c8-afce-842d1c48358f/right/large/e763f675-afc7-403a-89bf-d903e8ee7c6c.png
kevin_magnussen,Magnussen,Kevin Magnussen,https://media.formula1.com/content/dam/fom-website/drivers/2023Drivers/magnussen.jpg.img.1536.high.jpg
stevens,Stevens,Will Stevens,https://pbs.twimg.com/media/FXpafGuUIAIYTxU?format=jpg&name=large
merhi,Merhi,Roberto Merhi,https://res.cloudinary.com/prod-f2f3/image/upload/v1657115021/f2/global/drivers/2022/Me3r41iiquebiu-eq0acamp05bv.jpg
nasr,Nasr,Felipe Nasr,https://www.imsa.com/wp-content/uploads/sites/32/2019/09/21/2023_IWSC_FelipeNasr_355x355-290x290.png
rossi,Rossi,Alexander Rossi,https://cdn-4.motorsport.com/images/mgl/2y31gKy6/s8/alexander-rossi-arrow-mclaren--1.jpg
sainz,Sainz,Carlos Sainz,https://media.formula1.com/content/dam/fom-website/drivers/2023Drivers/sainz.jpg.img.1536.high.jpg
max_verstappen,Verstappen,Max Verstappen,https://cdn-8.motorsport.com/images/mgl/Y99d13AY/s8/max-verstappen-red-bull-racing-1.jpg
haryanto,Haryanto,Rio Haryanto,https://www.gt-world-challenge-asia.com/timthumb.php?w=320&src=%2Fimages%2Fdrivers%2F75_rio_1T0A8936.png
ocon,Ocon,Esteban Ocon,https://media.formula1.com/content/dam/fom-website/drivers/2023Drivers/ocon.jpg.img.1536.high.jpg
jolyon_palmer,Palmer,Jolyon Palmer,https://www.formulaf1.es/wp-content/uploads/2016/03/Jolyon-Palmer.png
vandoorne,Vandoorne,Stoffel Vandoorne,https://static-files.formula-e.pulselive.com/drivers/bc4a0209-f233-46c8-afce-842d1c48358f/right/large/3f4d9ccc-0453-410c-8542-225bd2ebf280.png
wehrlein,Wehrlein,Pascal Wehrlein,https://static-files.formula-e.pulselive.com/drivers/bc4a0209-f233-46c8-afce-842d1c48358f/right/large/4b62fd44-831d-4b01-9f11-2aaf2c47075c.png
gasly,Gasly,Pierre Gasly,https://media.formula1.com/content/dam/fom-website/drivers/2023Drivers/gasly.jpg.img.1536.high.jpg
giovinazzi,Giovinazzi,Antonio Giovinazzi,https://static.motor.es/f1/fichas/contenido/antonio-giovinazzi/antonio-giovinazzi2021_1617631699.jpg
brendon_hartley,Hartley,Brendon Hartley,https://storage.googleapis.com/ecm-prod/assets/1/pilote/4132/toyota-gazoo-racing-brendon-hartley-nzl-0020_d33aba.png
stroll,Stroll,Lance Stroll,https://media.formula1.com/content/dam/fom-website/drivers/2023Drivers/stroll.jpg.img.1536.high.jpg
leclerc,Leclerc,Charles Leclerc,https://cdn-9.motorsport.com/images/mgl/Yv854VL0/s800/charles-leclerc-ferrari-1.jpg
sirotkin,Sirotkin,Sergey Sirotkin,https://cdn-1.motorsport.com/images/mgl/YPxeLgQY/s8/f1-australian-gp-2018-sergey-sirotkin-williams.jpg
albon,Albon,Alexander Albon,https://media.formula1.com/content/dam/fom-website/drivers/2023Drivers/albon.jpg.img.1536.high.jpg
norris,Norris,Lando Norris,https://media.formula1.com/content/dam/fom-website/drivers/2023Drivers/norris.jpg.img.1536.high.jpg
russell,Russell,George Russell,https://cdn-7.motorsport.com/images/mgl/Yv85r310/s800/george-russell-mercedes-1.jpg
aitken,Aitken,Jack Aitken,https://storage.googleapis.com/ecm-prod/assets/1/pilote/3897/jack-aitken_62a06a.png
pietro_fittipaldi,Fittipaldi,Pietro Fittipaldi,https://pbs.twimg.com/media/EoGB7fGWEAUFTdt.jpg
latifi,Latifi,Nicholas Latifi,https://phantom-marca.unidadeditorial.es/9af85d5c2db319f97a0a7ea83dbb20d8/resize/1320/f/jpg/assets/multimedia/imagenes/2022/09/23/16639247530095.jpg
mazepin,Mazepin,Nikita Mazepin,https://hips.hearstapps.com/hmg-prod.s3.amazonaws.com/images/j5a5556-284-1645439106.jpeg
mick_schumacher,Schumacher,Mick Schumacher,https://www.f1-fansite.com/wp-content/uploads/2020/12/Mick-Schumacher-2020-scaled.jpg
tsunoda,Tsunoda,Yuki Tsunoda,https://cdn-6.motorsport.com/images/mgl/6l9g48x0/s800/yuki-tsunoda-alphatauri-1.jpg
de_vries,de Vries,Nyck de Vries,https://cdn-2.motorsport.com/images/mgl/2Qz5kRNY/s8/nyck-de-vries-alphatauri-1.jpg
zhou,Zhou,Guanyu Zhou,https://media.formula1.com/content/dam/fom-website/drivers/2023Drivers/zhou.jpg.img.1536.high.jpg
